[
  {
    "name": "FWS-Scanner",
    "description": "FWS-Scanner description comes here",
    "wstgIds": [
      "WSTG-INFO-02"
    ],
    "params": [
      {
        "symbol": "-u",
        "description": "Target Url to be scanned"
      }
    ],
    "files": [
      "main.py",
      "README.md",
      "info.json"
    ],
    "version": "1"
  },
  {
    "name": "Meta-Scrapper",
    "description": "Meta-Scrapper description comes here",
    "wstgIds": [
      "WSTG-INFO-03"
    ],
    "params": [
      {
        "symbol": "-u",
        "description": "Target Url to be scanned"
      },
      {
        "symbol": "-d",
        "description": "Directory to save scrapped files"
      }
    ],
    "files": [
      "main.py",
      "README.md",
      "info.json"
    ],
    "version": "1"
  }
]
